id_execucao;id_cenario;n_holders;distribuicao;parametro_dist;n_candidatos;tamanho_comite;turnout;n_aprovacoes;n_blocos;frac_proxy;tam_cartel;orcamento_suborno;frac_exchange;frac_colludida;n_rodadas;vantagem_incumbencia;reinveste_recompensa;metrica;camada;n_runs;seed_base;media;ic95
20260709_122851;1;200;pareto;1.5;80;11;0.5;15;5000;0.0;0;0.0;0.0;0.0;1;0.0;0.0;cartel_break_even;stake;30;3100;12.73333333;2.12834440
20260709_122851;1;200;pareto;1.5;80;11;0.5;15;5000;0.0;0;0.0;0.0;0.0;1;0.0;0.0;cartel_break_even;eleito;30;3100;3.00000000;0.09397481
20260709_122851;1;200;pareto;1.5;80;11;0.5;15;5000;0.0;0;0.0;0.0;0.0;1;0.0;0.0;cartel_break_even;produzido;30;3100;3.03333333;0.06533333
20260709_122851;1;200;pareto;1.5;80;11;0.5;15;5000;0.0;0;0.0;0.0;0.0;1;0.0;0.0;margem_limiar;stake;30;3100;0.33333333;0.00000000
20260709_122851;1;200;pareto;1.5;80;11;0.5;15;5000;0.0;0;0.0;0.0;0.0;1;0.0;0.0;margem_limiar;eleito;30;3100;0.33333333;0.00000000
20260709_122851;1;200;pareto;1.5;80;11;0.5;15;5000;0.0;0;0.0;0.0;0.0;1;0.0;0.0;margem_limiar;produzido;30;3100;0.33333333;0.00000000
20260709_122851;1;200;pareto;1.5;80;11;0.5;15;5000;0.0;0;0.0;0.0;0.0;1;0.0;0.0;peso_cartel;stake;30;3100;0.00000000;0.00000000
20260709_122851;1;200;pareto;1.5;80;11;0.5;15;5000;0.0;0;0.0;0.0;0.0;1;0.0;0.0;peso_cartel;eleito;30;3100;0.00000000;0.00000000
20260709_122851;1;200;pareto;1.5;80;11;0.5;15;5000;0.0;0;0.0;0.0;0.0;1;0.0;0.0;peso_cartel;produzido;30;3100;0.00000000;0.00000000
20260709_122851;1;200;pareto;1.5;80;11;0.5;15;5000;0.0;0;0.0;0.0;0.0;1;0.0;0.0;hhi;stake;30;3100;0.05225618;0.05733723
20260709_122851;1;200;pareto;1.5;80;11;0.5;15;5000;0.0;0;0.0;0.0;0.0;1;0.0;0.0;hhi;eleito;30;3100;0.10097103;0.00168552
20260709_122851;1;200;pareto;1.5;80;11;0.5;15;5000;0.0;0;0.0;0.0;0.0;1;0.0;0.0;hhi;produzido;30;3100;0.10080631;0.00159266
20260709_122851;2;200;pareto;1.5;80;11;0.5;15;5000;0.0;3;0.0;0.0;0.0;1;0.0;0.0;cartel_break_even;stake;30;3100;12.73333333;2.12834440
20260709_122851;2;200;pareto;1.5;80;11;0.5;15;5000;0.0;3;0.0;0.0;0.0;1;0.0;0.0;cartel_break_even;eleito;30;3100;3.03333333;0.06533333
20260709_122851;2;200;pareto;1.5;80;11;0.5;15;5000;0.0;3;0.0;0.0;0.0;1;0.0;0.0;cartel_break_even;produzido;30;3100;3.03333333;0.06533333
20260709_122851;2;200;pareto;1.5;80;11;0.5;15;5000;0.0;3;0.0;0.0;0.0;1;0.0;0.0;margem_limiar;stake;30;3100;0.12957194;0.05914361
20260709_122851;2;200;pareto;1.5;80;11;0.5;15;5000;0.0;3;0.0;0.0;0.0;1;0.0;0.0;margem_limiar;eleito;30;3100;-0.06348589;0.01163945
20260709_122851;2;200;pareto;1.5;80;11;0.5;15;5000;0.0;3;0.0;0.0;0.0;1;0.0;0.0;margem_limiar;produzido;30;3100;-0.06205333;0.01137441
20260709_122851;2;200;pareto;1.5;80;11;0.5;15;5000;0.0;3;0.0;0.0;0.0;1;0.0;0.0;peso_cartel;stake;30;3100;0.20376140;0.05914361
20260709_122851;2;200;pareto;1.5;80;11;0.5;15;5000;0.0;3;0.0;0.0;0.0;1;0.0;0.0;peso_cartel;eleito;30;3100;0.39681922;0.01163945
20260709_122851;2;200;pareto;1.5;80;11;0.5;15;5000;0.0;3;0.0;0.0;0.0;1;0.0;0.0;peso_cartel;produzido;30;3100;0.39538667;0.01137441
20260709_122851;2;200;pareto;1.5;80;11;0.5;15;5000;0.0;3;0.0;0.0;0.0;1;0.0;0.0;hhi;stake;30;3100;0.05225618;0.05733723
20260709_122851;2;200;pareto;1.5;80;11;0.5;15;5000;0.0;3;0.0;0.0;0.0;1;0.0;0.0;hhi;eleito;30;3100;0.10095158;0.00128763
20260709_122851;2;200;pareto;1.5;80;11;0.5;15;5000;0.0;3;0.0;0.0;0.0;1;0.0;0.0;hhi;produzido;30;3100;0.10086446;0.00123676
20260709_122851;3;200;pareto;1.5;80;11;0.5;15;5000;0.0;6;0.0;0.0;0.0;1;0.0;0.0;cartel_break_even;stake;30;3100;12.73333333;2.12834440
20260709_122851;3;200;pareto;1.5;80;11;0.5;15;5000;0.0;6;0.0;0.0;0.0;1;0.0;0.0;cartel_break_even;eleito;30;3100;3.03333333;0.06533333
20260709_122851;3;200;pareto;1.5;80;11;0.5;15;5000;0.0;6;0.0;0.0;0.0;1;0.0;0.0;cartel_break_even;produzido;30;3100;3.03333333;0.06533333
20260709_122851;3;200;pareto;1.5;80;11;0.5;15;5000;0.0;6;0.0;0.0;0.0;1;0.0;0.0;margem_limiar;stake;30;3100;0.06116862;0.05519035
20260709_122851;3;200;pareto;1.5;80;11;0.5;15;5000;0.0;6;0.0;0.0;0.0;1;0.0;0.0;margem_limiar;eleito;30;3100;-0.35154741;0.01305749
20260709_122851;3;200;pareto;1.5;80;11;0.5;15;5000;0.0;6;0.0;0.0;0.0;1;0.0;0.0;margem_limiar;produzido;30;3100;-0.35144000;0.01331255
20260709_122851;3;200;pareto;1.5;80;11;0.5;15;5000;0.0;6;0.0;0.0;0.0;1;0.0;0.0;peso_cartel;stake;30;3100;0.27216471;0.05519035
20260709_122851;3;200;pareto;1.5;80;11;0.5;15;5000;0.0;6;0.0;0.0;0.0;1;0.0;0.0;peso_cartel;eleito;30;3100;0.68488074;0.01305749
20260709_122851;3;200;pareto;1.5;80;11;0.5;15;5000;0.0;6;0.0;0.0;0.0;1;0.0;0.0;peso_cartel;produzido;30;3100;0.68477333;0.01331255
20260709_122851;3;200;pareto;1.5;80;11;0.5;15;5000;0.0;6;0.0;0.0;0.0;1;0.0;0.0;hhi;stake;30;3100;0.05225618;0.05733723
20260709_122851;3;200;pareto;1.5;80;11;0.5;15;5000;0.0;6;0.0;0.0;0.0;1;0.0;0.0;hhi;eleito;30;3100;0.10019992;0.00119038
20260709_122851;3;200;pareto;1.5;80;11;0.5;15;5000;0.0;6;0.0;0.0;0.0;1;0.0;0.0;hhi;produzido;30;3100;0.10020882;0.00124796
20260709_122851;4;200;pareto;1.5;80;11;0.5;15;5000;0.0;9;0.0;0.0;0.0;1;0.0;0.0;cartel_break_even;stake;30;3100;12.73333333;2.12834440
20260709_122851;4;200;pareto;1.5;80;11;0.5;15;5000;0.0;9;0.0;0.0;0.0;1;0.0;0.0;cartel_break_even;eleito;30;3100;3.36666667;0.17539167
20260709_122851;4;200;pareto;1.5;80;11;0.5;15;5000;0.0;9;0.0;0.0;0.0;1;0.0;0.0;cartel_break_even;produzido;30;3100;3.33333333;0.17157374
20260709_122851;4;200;pareto;1.5;80;11;0.5;15;5000;0.0;9;0.0;0.0;0.0;1;0.0;0.0;margem_limiar;stake;30;3100;0.01329128;0.05218701
20260709_122851;4;200;pareto;1.5;80;11;0.5;15;5000;0.0;9;0.0;0.0;0.0;1;0.0;0.0;margem_limiar;eleito;30;3100;-0.55440056;0.00629644
20260709_122851;4;200;pareto;1.5;80;11;0.5;15;5000;0.0;9;0.0;0.0;0.0;1;0.0;0.0;margem_limiar;produzido;30;3100;-0.55394000;0.00629529
20260709_122851;4;200;pareto;1.5;80;11;0.5;15;5000;0.0;9;0.0;0.0;0.0;1;0.0;0.0;peso_cartel;stake;30;3100;0.32004206;0.05218701
20260709_122851;4;200;pareto;1.5;80;11;0.5;15;5000;0.0;9;0.0;0.0;0.0;1;0.0;0.0;peso_cartel;eleito;30;3100;0.88773389;0.00629644
20260709_122851;4;200;pareto;1.5;80;11;0.5;15;5000;0.0;9;0.0;0.0;0.0;1;0.0;0.0;peso_cartel;produzido;30;3100;0.88727333;0.00629529
20260709_122851;4;200;pareto;1.5;80;11;0.5;15;5000;0.0;9;0.0;0.0;0.0;1;0.0;0.0;hhi;stake;30;3100;0.05225618;0.05733723
20260709_122851;4;200;pareto;1.5;80;11;0.5;15;5000;0.0;9;0.0;0.0;0.0;1;0.0;0.0;hhi;eleito;30;3100;0.09549092;0.00054344
20260709_122851;4;200;pareto;1.5;80;11;0.5;15;5000;0.0;9;0.0;0.0;0.0;1;0.0;0.0;hhi;produzido;30;3100;0.09553215;0.00061339
20260709_122851;5;200;pareto;1.5;80;21;0.5;15;5000;0.0;0;0.0;0.0;0.0;1;0.0;0.0;cartel_break_even;stake;30;3100;12.73333333;2.12834440
20260709_122851;5;200;pareto;1.5;80;21;0.5;15;5000;0.0;0;0.0;0.0;0.0;1;0.0;0.0;cartel_break_even;eleito;30;3100;4.53333333;0.18157658
20260709_122851;5;200;pareto;1.5;80;21;0.5;15;5000;0.0;0;0.0;0.0;0.0;1;0.0;0.0;cartel_break_even;produzido;30;3100;4.56666667;0.18035656
20260709_122851;5;200;pareto;1.5;80;21;0.5;15;5000;0.0;0;0.0;0.0;0.0;1;0.0;0.0;margem_limiar;stake;30;3100;0.33333333;0.00000000
20260709_122851;5;200;pareto;1.5;80;21;0.5;15;5000;0.0;0;0.0;0.0;0.0;1;0.0;0.0;margem_limiar;eleito;30;3100;0.33333333;0.00000000
20260709_122851;5;200;pareto;1.5;80;21;0.5;15;5000;0.0;0;0.0;0.0;0.0;1;0.0;0.0;margem_limiar;produzido;30;3100;0.33333333;0.00000000
20260709_122851;5;200;pareto;1.5;80;21;0.5;15;5000;0.0;0;0.0;0.0;0.0;1;0.0;0.0;peso_cartel;stake;30;3100;0.00000000;0.00000000
20260709_122851;5;200;pareto;1.5;80;21;0.5;15;5000;0.0;0;0.0;0.0;0.0;1;0.0;0.0;peso_cartel;eleito;30;3100;0.00000000;0.00000000
20260709_122851;5;200;pareto;1.5;80;21;0.5;15;5000;0.0;0;0.0;0.0;0.0;1;0.0;0.0;peso_cartel;produzido;30;3100;0.00000000;0.00000000
20260709_122851;5;200;pareto;1.5;80;21;0.5;15;5000;0.0;0;0.0;0.0;0.0;1;0.0;0.0;hhi;stake;30;3100;0.05225618;0.05733723
20260709_122851;5;200;pareto;1.5;80;21;0.5;15;5000;0.0;0;0.0;0.0;0.0;1;0.0;0.0;hhi;eleito;30;3100;0.05728891;0.00119815
20260709_122851;5;200;pareto;1.5;80;21;0.5;15;5000;0.0;0;0.0;0.0;0.0;1;0.0;0.0;hhi;produzido;30;3100;0.05716634;0.00116852
20260709_122851;6;200;pareto;1.5;80;21;0.5;15;5000;0.0;3;0.0;0.0;0.0;1;0.0;0.0;cartel_break_even;stake;30;3100;12.73333333;2.12834440
20260709_122851;6;200;pareto;1.5;80;21;0.5;15;5000;0.0;3;0.0;0.0;0.0;1;0.0;0.0;cartel_break_even;eleito;30;3100;4.36666667;0.19898116
20260709_122851;6;200;pareto;1.5;80;21;0.5;15;5000;0.0;3;0.0;0.0;0.0;1;0.0;0.0;cartel_break_even;produzido;30;3100;4.36666667;0.19898116
20260709_122851;6;200;pareto;1.5;80;21;0.5;15;5000;0.0;3;0.0;0.0;0.0;1;0.0;0.0;margem_limiar;stake;30;3100;0.12957194;0.05914361
20260709_122851;6;200;pareto;1.5;80;21;0.5;15;5000;0.0;3;0.0;0.0;0.0;1;0.0;0.0;margem_limiar;eleito;30;3100;0.06128640;0.00866666
20260709_122851;6;200;pareto;1.5;80;21;0.5;15;5000;0.0;3;0.0;0.0;0.0;1;0.0;0.0;margem_limiar;produzido;30;3100;0.06380000;0.00917380
20260709_122851;6;200;pareto;1.5;80;21;0.5;15;5000;0.0;3;0.0;0.0;0.0;1;0.0;0.0;peso_cartel;stake;30;3100;0.20376140;0.05914361
20260709_122851;6;200;pareto;1.5;80;21;0.5;15;5000;0.0;3;0.0;0.0;0.0;1;0.0;0.0;peso_cartel;eleito;30;3100;0.27204693;0.00866666
20260709_122851;6;200;pareto;1.5;80;21;0.5;15;5000;0.0;3;0.0;0.0;0.0;1;0.0;0.0;peso_cartel;produzido;30;3100;0.26953333;0.00917380
20260709_122851;6;200;pareto;1.5;80;21;0.5;15;5000;0.0;3;0.0;0.0;0.0;1;0.0;0.0;hhi;stake;30;3100;0.05225618;0.05733723
20260709_122851;6;200;pareto;1.5;80;21;0.5;15;5000;0.0;3;0.0;0.0;0.0;1;0.0;0.0;hhi;eleito;30;3100;0.05790333;0.00083500
20260709_122851;6;200;pareto;1.5;80;21;0.5;15;5000;0.0;3;0.0;0.0;0.0;1;0.0;0.0;hhi;produzido;30;3100;0.05784345;0.00083941
20260709_122851;7;200;pareto;1.5;80;21;0.5;15;5000;0.0;6;0.0;0.0;0.0;1;0.0;0.0;cartel_break_even;stake;30;3100;12.73333333;2.12834440
20260709_122851;7;200;pareto;1.5;80;21;0.5;15;5000;0.0;6;0.0;0.0;0.0;1;0.0;0.0;cartel_break_even;eleito;30;3100;4.36666667;0.19898116
20260709_122851;7;200;pareto;1.5;80;21;0.5;15;5000;0.0;6;0.0;0.0;0.0;1;0.0;0.0;cartel_break_even;produzido;30;3100;4.36666667;0.19898116
20260709_122851;7;200;pareto;1.5;80;21;0.5;15;5000;0.0;6;0.0;0.0;0.0;1;0.0;0.0;margem_limiar;stake;30;3100;0.06116862;0.05519035
20260709_122851;7;200;pareto;1.5;80;21;0.5;15;5000;0.0;6;0.0;0.0;0.0;1;0.0;0.0;margem_limiar;eleito;30;3100;-0.14556376;0.01314061
20260709_122851;7;200;pareto;1.5;80;21;0.5;15;5000;0.0;6;0.0;0.0;0.0;1;0.0;0.0;margem_limiar;produzido;30;3100;-0.14382667;0.01300794
20260709_122851;7;200;pareto;1.5;80;21;0.5;15;5000;0.0;6;0.0;0.0;0.0;1;0.0;0.0;peso_cartel;stake;30;3100;0.27216471;0.05519035
20260709_122851;7;200;pareto;1.5;80;21;0.5;15;5000;0.0;6;0.0;0.0;0.0;1;0.0;0.0;peso_cartel;eleito;30;3100;0.47889710;0.01314061
20260709_122851;7;200;pareto;1.5;80;21;0.5;15;5000;0.0;6;0.0;0.0;0.0;1;0.0;0.0;peso_cartel;produzido;30;3100;0.47716000;0.01300794
20260709_122851;7;200;pareto;1.5;80;21;0.5;15;5000;0.0;6;0.0;0.0;0.0;1;0.0;0.0;hhi;stake;30;3100;0.05225618;0.05733723
20260709_122851;7;200;pareto;1.5;80;21;0.5;15;5000;0.0;6;0.0;0.0;0.0;1;0.0;0.0;hhi;eleito;30;3100;0.05850249;0.00082084
20260709_122851;7;200;pareto;1.5;80;21;0.5;15;5000;0.0;6;0.0;0.0;0.0;1;0.0;0.0;hhi;produzido;30;3100;0.05848317;0.00082407
20260709_122851;8;200;pareto;1.5;80;21;0.5;15;5000;0.0;9;0.0;0.0;0.0;1;0.0;0.0;cartel_break_even;stake;30;3100;12.73333333;2.12834440
20260709_122851;8;200;pareto;1.5;80;21;0.5;15;5000;0.0;9;0.0;0.0;0.0;1;0.0;0.0;cartel_break_even;eleito;30;3100;4.86666667;0.20445371
20260709_122851;8;200;pareto;1.5;80;21;0.5;15;5000;0.0;9;0.0;0.0;0.0;1;0.0;0.0;cartel_break_even;produzido;30;3100;4.93333333;0.18637679
20260709_122851;8;200;pareto;1.5;80;21;0.5;15;5000;0.0;9;0.0;0.0;0.0;1;0.0;0.0;margem_limiar;stake;30;3100;0.01329128;0.05218701
20260709_122851;8;200;pareto;1.5;80;21;0.5;15;5000;0.0;9;0.0;0.0;0.0;1;0.0;0.0;margem_limiar;eleito;30;3100;-0.30155937;0.01675136
20260709_122851;8;200;pareto;1.5;80;21;0.5;15;5000;0.0;9;0.0;0.0;0.0;1;0.0;0.0;margem_limiar;produzido;30;3100;-0.30132000;0.01715880
20260709_122851;8;200;pareto;1.5;80;21;0.5;15;5000;0.0;9;0.0;0.0;0.0;1;0.0;0.0;peso_cartel;stake;30;3100;0.32004206;0.05218701
20260709_122851;8;200;pareto;1.5;80;21;0.5;15;5000;0.0;9;0.0;0.0;0.0;1;0.0;0.0;peso_cartel;eleito;30;3100;0.63489270;0.01675136
20260709_122851;8;200;pareto;1.5;80;21;0.5;15;5000;0.0;9;0.0;0.0;0.0;1;0.0;0.0;peso_cartel;produzido;30;3100;0.63465333;0.01715880
20260709_122851;8;200;pareto;1.5;80;21;0.5;15;5000;0.0;9;0.0;0.0;0.0;1;0.0;0.0;hhi;stake;30;3100;0.05225618;0.05733723
20260709_122851;8;200;pareto;1.5;80;21;0.5;15;5000;0.0;9;0.0;0.0;0.0;1;0.0;0.0;hhi;eleito;30;3100;0.05742751;0.00104620
20260709_122851;8;200;pareto;1.5;80;21;0.5;15;5000;0.0;9;0.0;0.0;0.0;1;0.0;0.0;hhi;produzido;30;3100;0.05750398;0.00107214
20260709_122851;9;200;pareto;1.5;93;31;0.5;15;5000;0.0;0;0.0;0.0;0.0;1;0.0;0.0;cartel_break_even;stake;30;3100;12.73333333;2.12834440
20260709_122851;9;200;pareto;1.5;93;31;0.5;15;5000;0.0;0;0.0;0.0;0.0;1;0.0;0.0;cartel_break_even;eleito;30;3100;5.86666667;0.20445371
20260709_122851;9;200;pareto;1.5;93;31;0.5;15;5000;0.0;0;0.0;0.0;0.0;1;0.0;0.0;cartel_break_even;produzido;30;3100;5.83333333;0.21187794
20260709_122851;9;200;pareto;1.5;93;31;0.5;15;5000;0.0;0;0.0;0.0;0.0;1;0.0;0.0;margem_limiar;stake;30;3100;0.33333333;0.00000000
20260709_122851;9;200;pareto;1.5;93;31;0.5;15;5000;0.0;0;0.0;0.0;0.0;1;0.0;0.0;margem_limiar;eleito;30;3100;0.33333333;0.00000000
20260709_122851;9;200;pareto;1.5;93;31;0.5;15;5000;0.0;0;0.0;0.0;0.0;1;0.0;0.0;margem_limiar;produzido;30;3100;0.33333333;0.00000000
20260709_122851;9;200;pareto;1.5;93;31;0.5;15;5000;0.0;0;0.0;0.0;0.0;1;0.0;0.0;peso_cartel;stake;30;3100;0.00000000;0.00000000
20260709_122851;9;200;pareto;1.5;93;31;0.5;15;5000;0.0;0;0.0;0.0;0.0;1;0.0;0.0;peso_cartel;eleito;30;3100;0.00000000;0.00000000
20260709_122851;9;200;pareto;1.5;93;31;0.5;15;5000;0.0;0;0.0;0.0;0.0;1;0.0;0.0;peso_cartel;produzido;30;3100;0.00000000;0.00000000
20260709_122851;9;200;pareto;1.5;93;31;0.5;15;5000;0.0;0;0.0;0.0;0.0;1;0.0;0.0;hhi;stake;30;3100;0.05225618;0.05733723
20260709_122851;9;200;pareto;1.5;93;31;0.5;15;5000;0.0;0;0.0;0.0;0.0;1;0.0;0.0;hhi;eleito;30;3100;0.04200614;0.00191965
20260709_122851;9;200;pareto;1.5;93;31;0.5;15;5000;0.0;0;0.0;0.0;0.0;1;0.0;0.0;hhi;produzido;30;3100;0.04196283;0.00193318
20260709_122851;10;200;pareto;1.5;93;31;0.5;15;5000;0.0;3;0.0;0.0;0.0;1;0.0;0.0;cartel_break_even;stake;30;3100;12.73333333;2.12834440
20260709_122851;10;200;pareto;1.5;93;31;0.5;15;5000;0.0;3;0.0;0.0;0.0;1;0.0;0.0;cartel_break_even;eleito;30;3100;5.63333333;0.19898116
20260709_122851;10;200;pareto;1.5;93;31;0.5;15;5000;0.0;3;0.0;0.0;0.0;1;0.0;0.0;cartel_break_even;produzido;30;3100;5.63333333;0.22005628
20260709_122851;10;200;pareto;1.5;93;31;0.5;15;5000;0.0;3;0.0;0.0;0.0;1;0.0;0.0;margem_limiar;stake;30;3100;0.12957194;0.05914361
20260709_122851;10;200;pareto;1.5;93;31;0.5;15;5000;0.0;3;0.0;0.0;0.0;1;0.0;0.0;margem_limiar;eleito;30;3100;0.10820997;0.00634712
20260709_122851;10;200;pareto;1.5;93;31;0.5;15;5000;0.0;3;0.0;0.0;0.0;1;0.0;0.0;margem_limiar;produzido;30;3100;0.11016667;0.00680570
20260709_122851;10;200;pareto;1.5;93;31;0.5;15;5000;0.0;3;0.0;0.0;0.0;1;0.0;0.0;peso_cartel;stake;30;3100;0.20376140;0.05914361
20260709_122851;10;200;pareto;1.5;93;31;0.5;15;5000;0.0;3;0.0;0.0;0.0;1;0.0;0.0;peso_cartel;eleito;30;3100;0.22512336;0.00634712
20260709_122851;10;200;pareto;1.5;93;31;0.5;15;5000;0.0;3;0.0;0.0;0.0;1;0.0;0.0;peso_cartel;produzido;30;3100;0.22316667;0.00680570
20260709_122851;10;200;pareto;1.5;93;31;0.5;15;5000;0.0;3;0.0;0.0;0.0;1;0.0;0.0;hhi;stake;30;3100;0.05225618;0.05733723
20260709_122851;10;200;pareto;1.5;93;31;0.5;15;5000;0.0;3;0.0;0.0;0.0;1;0.0;0.0;hhi;eleito;30;3100;0.04256237;0.00148050
20260709_122851;10;200;pareto;1.5;93;31;0.5;15;5000;0.0;3;0.0;0.0;0.0;1;0.0;0.0;hhi;produzido;30;3100;0.04253806;0.00150486
20260709_122851;11;200;pareto;1.5;93;31;0.5;15;5000;0.0;6;0.0;0.0;0.0;1;0.0;0.0;cartel_break_even;stake;30;3100;12.73333333;2.12834440
20260709_122851;11;200;pareto;1.5;93;31;0.5;15;5000;0.0;6;0.0;0.0;0.0;1;0.0;0.0;cartel_break_even;eleito;30;3100;5.33333333;0.19562416
20260709_122851;11;200;pareto;1.5;93;31;0.5;15;5000;0.0;6;0.0;0.0;0.0;1;0.0;0.0;cartel_break_even;produzido;30;3100;5.33333333;0.17157374
20260709_122851;11;200;pareto;1.5;93;31;0.5;15;5000;0.0;6;0.0;0.0;0.0;1;0.0;0.0;margem_limiar;stake;30;3100;0.06116862;0.05519035
20260709_122851;11;200;pareto;1.5;93;31;0.5;15;5000;0.0;6;0.0;0.0;0.0;1;0.0;0.0;margem_limiar;eleito;30;3100;-0.06686447;0.00972699
20260709_122851;11;200;pareto;1.5;93;31;0.5;15;5000;0.0;6;0.0;0.0;0.0;1;0.0;0.0;margem_limiar;produzido;30;3100;-0.06468667;0.00965946
20260709_122851;11;200;pareto;1.5;93;31;0.5;15;5000;0.0;6;0.0;0.0;0.0;1;0.0;0.0;peso_cartel;stake;30;3100;0.27216471;0.05519035
20260709_122851;11;200;pareto;1.5;93;31;0.5;15;5000;0.0;6;0.0;0.0;0.0;1;0.0;0.0;peso_cartel;eleito;30;3100;0.40019780;0.00972699
20260709_122851;11;200;pareto;1.5;93;31;0.5;15;5000;0.0;6;0.0;0.0;0.0;1;0.0;0.0;peso_cartel;produzido;30;3100;0.39802000;0.00965946
20260709_122851;11;200;pareto;1.5;93;31;0.5;15;5000;0.0;6;0.0;0.0;0.0;1;0.0;0.0;hhi;stake;30;3100;0.05225618;0.05733723
20260709_122851;11;200;pareto;1.5;93;31;0.5;15;5000;0.0;6;0.0;0.0;0.0;1;0.0;0.0;hhi;eleito;30;3100;0.04374417;0.00088051
20260709_122851;11;200;pareto;1.5;93;31;0.5;15;5000;0.0;6;0.0;0.0;0.0;1;0.0;0.0;hhi;produzido;30;3100;0.04373399;0.00088941
20260709_122851;12;200;pareto;1.5;93;31;0.5;15;5000;0.0;9;0.0;0.0;0.0;1;0.0;0.0;cartel_break_even;stake;30;3100;12.73333333;2.12834440
20260709_122851;12;200;pareto;1.5;93;31;0.5;15;5000;0.0;9;0.0;0.0;0.0;1;0.0;0.0;cartel_break_even;eleito;30;3100;5.63333333;0.19898116
20260709_122851;12;200;pareto;1.5;93;31;0.5;15;5000;0.0;9;0.0;0.0;0.0;1;0.0;0.0;cartel_break_even;produzido;30;3100;5.60000000;0.20155351
20260709_122851;12;200;pareto;1.5;93;31;0.5;15;5000;0.0;9;0.0;0.0;0.0;1;0.0;0.0;margem_limiar;stake;30;3100;0.01329128;0.05218701
20260709_122851;12;200;pareto;1.5;93;31;0.5;15;5000;0.0;9;0.0;0.0;0.0;1;0.0;0.0;margem_limiar;eleito;30;3100;-0.21111774;0.01041507
20260709_122851;12;200;pareto;1.5;93;31;0.5;15;5000;0.0;9;0.0;0.0;0.0;1;0.0;0.0;margem_limiar;produzido;30;3100;-0.21105333;0.01015735
20260709_122851;12;200;pareto;1.5;93;31;0.5;15;5000;0.0;9;0.0;0.0;0.0;1;0.0;0.0;peso_cartel;stake;30;3100;0.32004206;0.05218701
20260709_122851;12;200;pareto;1.5;93;31;0.5;15;5000;0.0;9;0.0;0.0;0.0;1;0.0;0.0;peso_cartel;eleito;30;3100;0.54445107;0.01041507
20260709_122851;12;200;pareto;1.5;93;31;0.5;15;5000;0.0;9;0.0;0.0;0.0;1;0.0;0.0;peso_cartel;produzido;30;3100;0.54438667;0.01015735
20260709_122851;12;200;pareto;1.5;93;31;0.5;15;5000;0.0;9;0.0;0.0;0.0;1;0.0;0.0;hhi;stake;30;3100;0.05225618;0.05733723
20260709_122851;12;200;pareto;1.5;93;31;0.5;15;5000;0.0;9;0.0;0.0;0.0;1;0.0;0.0;hhi;eleito;30;3100;0.04412338;0.00063030
20260709_122851;12;200;pareto;1.5;93;31;0.5;15;5000;0.0;9;0.0;0.0;0.0;1;0.0;0.0;hhi;produzido;30;3100;0.04420171;0.00064791
20260709_122851;13;500;pareto;1.5;80;11;0.5;15;5000;0.0;0;0.0;0.0;0.0;1;0.0;0.0;cartel_break_even;stake;30;3100;24.86666667;4.09705730
20260709_122851;13;500;pareto;1.5;80;11;0.5;15;5000;0.0;0;0.0;0.0;0.0;1;0.0;0.0;cartel_break_even;eleito;30;3100;2.96666667;0.06533333
20260709_122851;13;500;pareto;1.5;80;11;0.5;15;5000;0.0;0;0.0;0.0;0.0;1;0.0;0.0;cartel_break_even;produzido;30;3100;2.96666667;0.06533333
20260709_122851;13;500;pareto;1.5;80;11;0.5;15;5000;0.0;0;0.0;0.0;0.0;1;0.0;0.0;margem_limiar;stake;30;3100;0.33333333;0.00000000
20260709_122851;13;500;pareto;1.5;80;11;0.5;15;5000;0.0;0;0.0;0.0;0.0;1;0.0;0.0;margem_limiar;eleito;30;3100;0.33333333;0.00000000
20260709_122851;13;500;pareto;1.5;80;11;0.5;15;5000;0.0;0;0.0;0.0;0.0;1;0.0;0.0;margem_limiar;produzido;30;3100;0.33333333;0.00000000
20260709_122851;13;500;pareto;1.5;80;11;0.5;15;5000;0.0;0;0.0;0.0;0.0;1;0.0;0.0;peso_cartel;stake;30;3100;0.00000000;0.00000000
20260709_122851;13;500;pareto;1.5;80;11;0.5;15;5000;0.0;0;0.0;0.0;0.0;1;0.0;0.0;peso_cartel;eleito;30;3100;0.00000000;0.00000000
20260709_122851;13;500;pareto;1.5;80;11;0.5;15;5000;0.0;0;0.0;0.0;0.0;1;0.0;0.0;peso_cartel;produzido;30;3100;0.00000000;0.00000000
20260709_122851;13;500;pareto;1.5;80;11;0.5;15;5000;0.0;0;0.0;0.0;0.0;1;0.0;0.0;hhi;stake;30;3100;0.04028965;0.04815522
20260709_122851;13;500;pareto;1.5;80;11;0.5;15;5000;0.0;0;0.0;0.0;0.0;1;0.0;0.0;hhi;eleito;30;3100;0.10201888;0.00149614
20260709_122851;13;500;pareto;1.5;80;11;0.5;15;5000;0.0;0;0.0;0.0;0.0;1;0.0;0.0;hhi;produzido;30;3100;0.10227844;0.00157510
20260709_122851;14;500;pareto;1.5;80;11;0.5;15;5000;0.0;3;0.0;0.0;0.0;1;0.0;0.0;cartel_break_even;stake;30;3100;24.86666667;4.09705730
20260709_122851;14;500;pareto;1.5;80;11;0.5;15;5000;0.0;3;0.0;0.0;0.0;1;0.0;0.0;cartel_break_even;eleito;30;3100;3.00000000;0.09397481
20260709_122851;14;500;pareto;1.5;80;11;0.5;15;5000;0.0;3;0.0;0.0;0.0;1;0.0;0.0;cartel_break_even;produzido;30;3100;3.00000000;0.09397481
20260709_122851;14;500;pareto;1.5;80;11;0.5;15;5000;0.0;3;0.0;0.0;0.0;1;0.0;0.0;margem_limiar;stake;30;3100;0.16581055;0.05452547
20260709_122851;14;500;pareto;1.5;80;11;0.5;15;5000;0.0;3;0.0;0.0;0.0;1;0.0;0.0;margem_limiar;eleito;30;3100;-0.06620194;0.01303138
20260709_122851;14;500;pareto;1.5;80;11;0.5;15;5000;0.0;3;0.0;0.0;0.0;1;0.0;0.0;margem_limiar;produzido;30;3100;-0.06561333;0.01342725
20260709_122851;14;500;pareto;1.5;80;11;0.5;15;5000;0.0;3;0.0;0.0;0.0;1;0.0;0.0;peso_cartel;stake;30;3100;0.16752278;0.05452547
20260709_122851;14;500;pareto;1.5;80;11;0.5;15;5000;0.0;3;0.0;0.0;0.0;1;0.0;0.0;peso_cartel;eleito;30;3100;0.39953527;0.01303138
20260709_122851;14;500;pareto;1.5;80;11;0.5;15;5000;0.0;3;0.0;0.0;0.0;1;0.0;0.0;peso_cartel;produzido;30;3100;0.39894667;0.01342725
20260709_122851;14;500;pareto;1.5;80;11;0.5;15;5000;0.0;3;0.0;0.0;0.0;1;0.0;0.0;hhi;stake;30;3100;0.04028965;0.04815522
20260709_122851;14;500;pareto;1.5;80;11;0.5;15;5000;0.0;3;0.0;0.0;0.0;1;0.0;0.0;hhi;eleito;30;3100;0.10130056;0.00169390
20260709_122851;14;500;pareto;1.5;80;11;0.5;15;5000;0.0;3;0.0;0.0;0.0;1;0.0;0.0;hhi;produzido;30;3100;0.10151455;0.00180596
20260709_122851;15;500;pareto;1.5;80;11;0.5;15;5000;0.0;6;0.0;0.0;0.0;1;0.0;0.0;cartel_break_even;stake;30;3100;24.86666667;4.09705730
20260709_122851;15;500;pareto;1.5;80;11;0.5;15;5000;0.0;6;0.0;0.0;0.0;1;0.0;0.0;cartel_break_even;eleito;30;3100;3.03333333;0.06533333
20260709_122851;15;500;pareto;1.5;80;11;0.5;15;5000;0.0;6;0.0;0.0;0.0;1;0.0;0.0;cartel_break_even;produzido;30;3100;3.03333333;0.06533333
20260709_122851;15;500;pareto;1.5;80;11;0.5;15;5000;0.0;6;0.0;0.0;0.0;1;0.0;0.0;margem_limiar;stake;30;3100;0.11683394;0.05221781
20260709_122851;15;500;pareto;1.5;80;11;0.5;15;5000;0.0;6;0.0;0.0;0.0;1;0.0;0.0;margem_limiar;eleito;30;3100;-0.34989509;0.01193479
20260709_122851;15;500;pareto;1.5;80;11;0.5;15;5000;0.0;6;0.0;0.0;0.0;1;0.0;0.0;margem_limiar;produzido;30;3100;-0.35126667;0.01203468
20260709_122851;15;500;pareto;1.5;80;11;0.5;15;5000;0.0;6;0.0;0.0;0.0;1;0.0;0.0;peso_cartel;stake;30;3100;0.21649939;0.05221781
20260709_122851;15;500;pareto;1.5;80;11;0.5;15;5000;0.0;6;0.0;0.0;0.0;1;0.0;0.0;peso_cartel;eleito;30;3100;0.68322843;0.01193479
20260709_122851;15;500;pareto;1.5;80;11;0.5;15;5000;0.0;6;0.0;0.0;0.0;1;0.0;0.0;peso_cartel;produzido;30;3100;0.68460000;0.01203468
20260709_122851;15;500;pareto;1.5;80;11;0.5;15;5000;0.0;6;0.0;0.0;0.0;1;0.0;0.0;hhi;stake;30;3100;0.04028965;0.04815522
20260709_122851;15;500;pareto;1.5;80;11;0.5;15;5000;0.0;6;0.0;0.0;0.0;1;0.0;0.0;hhi;eleito;30;3100;0.10042202;0.00117352
20260709_122851;15;500;pareto;1.5;80;11;0.5;15;5000;0.0;6;0.0;0.0;0.0;1;0.0;0.0;hhi;produzido;30;3100;0.10061545;0.00118882
20260709_122851;16;500;pareto;1.5;80;11;0.5;15;5000;0.0;9;0.0;0.0;0.0;1;0.0;0.0;cartel_break_even;stake;30;3100;24.86666667;4.09705730
20260709_122851;16;500;pareto;1.5;80;11;0.5;15;5000;0.0;9;0.0;0.0;0.0;1;0.0;0.0;cartel_break_even;eleito;30;3100;3.10000000;0.10918886
20260709_122851;16;500;pareto;1.5;80;11;0.5;15;5000;0.0;9;0.0;0.0;0.0;1;0.0;0.0;cartel_break_even;produzido;30;3100;3.10000000;0.10918886
20260709_122851;16;500;pareto;1.5;80;11;0.5;15;5000;0.0;9;0.0;0.0;0.0;1;0.0;0.0;margem_limiar;stake;30;3100;0.08239211;0.05045675
20260709_122851;16;500;pareto;1.5;80;11;0.5;15;5000;0.0;9;0.0;0.0;0.0;1;0.0;0.0;margem_limiar;eleito;30;3100;-0.55440679;0.00620229
20260709_122851;16;500;pareto;1.5;80;11;0.5;15;5000;0.0;9;0.0;0.0;0.0;1;0.0;0.0;margem_limiar;produzido;30;3100;-0.55348000;0.00631516
20260709_122851;16;500;pareto;1.5;80;11;0.5;15;5000;0.0;9;0.0;0.0;0.0;1;0.0;0.0;peso_cartel;stake;30;3100;0.25094122;0.05045675
20260709_122851;16;500;pareto;1.5;80;11;0.5;15;5000;0.0;9;0.0;0.0;0.0;1;0.0;0.0;peso_cartel;eleito;30;3100;0.88774012;0.00620229
20260709_122851;16;500;pareto;1.5;80;11;0.5;15;5000;0.0;9;0.0;0.0;0.0;1;0.0;0.0;peso_cartel;produzido;30;3100;0.88681333;0.00631516
20260709_122851;16;500;pareto;1.5;80;11;0.5;15;5000;0.0;9;0.0;0.0;0.0;1;0.0;0.0;hhi;stake;30;3100;0.04028965;0.04815522
20260709_122851;16;500;pareto;1.5;80;11;0.5;15;5000;0.0;9;0.0;0.0;0.0;1;0.0;0.0;hhi;eleito;30;3100;0.09626802;0.00071424
20260709_122851;16;500;pareto;1.5;80;11;0.5;15;5000;0.0;9;0.0;0.0;0.0;1;0.0;0.0;hhi;produzido;30;3100;0.09637980;0.00068850
20260709_122851;17;500;pareto;1.5;80;21;0.5;15;5000;0.0;0;0.0;0.0;0.0;1;0.0;0.0;cartel_break_even;stake;30;3100;24.86666667;4.09705730
20260709_122851;17;500;pareto;1.5;80;21;0.5;15;5000;0.0;0;0.0;0.0;0.0;1;0.0;0.0;cartel_break_even;eleito;30;3100;4.43333333;0.20337098
20260709_122851;17;500;pareto;1.5;80;21;0.5;15;5000;0.0;0;0.0;0.0;0.0;1;0.0;0.0;cartel_break_even;produzido;30;3100;4.46666667;0.20445371
20260709_122851;17;500;pareto;1.5;80;21;0.5;15;5000;0.0;0;0.0;0.0;0.0;1;0.0;0.0;margem_limiar;stake;30;3100;0.33333333;0.00000000
20260709_122851;17;500;pareto;1.5;80;21;0.5;15;5000;0.0;0;0.0;0.0;0.0;1;0.0;0.0;margem_limiar;eleito;30;3100;0.33333333;0.00000000
20260709_122851;17;500;pareto;1.5;80;21;0.5;15;5000;0.0;0;0.0;0.0;0.0;1;0.0;0.0;margem_limiar;produzido;30;3100;0.33333333;0.00000000
20260709_122851;17;500;pareto;1.5;80;21;0.5;15;5000;0.0;0;0.0;0.0;0.0;1;0.0;0.0;peso_cartel;stake;30;3100;0.00000000;0.00000000
20260709_122851;17;500;pareto;1.5;80;21;0.5;15;5000;0.0;0;0.0;0.0;0.0;1;0.0;0.0;peso_cartel;eleito;30;3100;0.00000000;0.00000000
20260709_122851;17;500;pareto;1.5;80;21;0.5;15;5000;0.0;0;0.0;0.0;0.0;1;0.0;0.0;peso_cartel;produzido;30;3100;0.00000000;0.00000000
20260709_122851;17;500;pareto;1.5;80;21;0.5;15;5000;0.0;0;0.0;0.0;0.0;1;0.0;0.0;hhi;stake;30;3100;0.04028965;0.04815522
20260709_122851;17;500;pareto;1.5;80;21;0.5;15;5000;0.0;0;0.0;0.0;0.0;1;0.0;0.0;hhi;eleito;30;3100;0.05740514;0.00124465
20260709_122851;17;500;pareto;1.5;80;21;0.5;15;5000;0.0;0;0.0;0.0;0.0;1;0.0;0.0;hhi;produzido;30;3100;0.05750549;0.00128493
20260709_122851;18;500;pareto;1.5;80;21;0.5;15;5000;0.0;3;0.0;0.0;0.0;1;0.0;0.0;cartel_break_even;stake;30;3100;24.86666667;4.09705730
20260709_122851;18;500;pareto;1.5;80;21;0.5;15;5000;0.0;3;0.0;0.0;0.0;1;0.0;0.0;cartel_break_even;eleito;30;3100;4.46666667;0.22501685
20260709_122851;18;500;pareto;1.5;80;21;0.5;15;5000;0.0;3;0.0;0.0;0.0;1;0.0;0.0;cartel_break_even;produzido;30;3100;4.46666667;0.24385210
20260709_122851;18;500;pareto;1.5;80;21;0.5;15;5000;0.0;3;0.0;0.0;0.0;1;0.0;0.0;margem_limiar;stake;30;3100;0.16581055;0.05452547
20260709_122851;18;500;pareto;1.5;80;21;0.5;15;5000;0.0;3;0.0;0.0;0.0;1;0.0;0.0;margem_limiar;eleito;30;3100;0.06153379;0.01077924
20260709_122851;18;500;pareto;1.5;80;21;0.5;15;5000;0.0;3;0.0;0.0;0.0;1;0.0;0.0;margem_limiar;produzido;30;3100;0.06164000;0.01145552
20260709_122851;18;500;pareto;1.5;80;21;0.5;15;5000;0.0;3;0.0;0.0;0.0;1;0.0;0.0;peso_cartel;stake;30;3100;0.16752278;0.05452547
20260709_122851;18;500;pareto;1.5;80;21;0.5;15;5000;0.0;3;0.0;0.0;0.0;1;0.0;0.0;peso_cartel;eleito;30;3100;0.27179954;0.01077924
20260709_122851;18;500;pareto;1.5;80;21;0.5;15;5000;0.0;3;0.0;0.0;0.0;1;0.0;0.0;peso_cartel;produzido;30;3100;0.27169333;0.01145552
20260709_122851;18;500;pareto;1.5;80;21;0.5;15;5000;0.0;3;0.0;0.0;0.0;1;0.0;0.0;hhi;stake;30;3100;0.04028965;0.04815522
20260709_122851;18;500;pareto;1.5;80;21;0.5;15;5000;0.0;3;0.0;0.0;0.0;1;0.0;0.0;hhi;eleito;30;3100;0.05763969;0.00112550
20260709_122851;18;500;pareto;1.5;80;21;0.5;15;5000;0.0;3;0.0;0.0;0.0;1;0.0;0.0;hhi;produzido;30;3100;0.05781732;0.00121306
20260709_122851;19;500;pareto;1.5;80;21;0.5;15;5000;0.0;6;0.0;0.0;0.0;1;0.0;0.0;cartel_break_even;stake;30;3100;24.86666667;4.09705730
20260709_122851;19;500;pareto;1.5;80;21;0.5;15;5000;0.0;6;0.0;0.0;0.0;1;0.0;0.0;cartel_break_even;eleito;30;3100;4.40000000;0.24142565
20260709_122851;19;500;pareto;1.5;80;21;0.5;15;5000;0.0;6;0.0;0.0;0.0;1;0.0;0.0;cartel_break_even;produzido;30;3100;4.36666667;0.23928232
20260709_122851;19;500;pareto;1.5;80;21;0.5;15;5000;0.0;6;0.0;0.0;0.0;1;0.0;0.0;margem_limiar;stake;30;3100;0.11683394;0.05221781
20260709_122851;19;500;pareto;1.5;80;21;0.5;15;5000;0.0;6;0.0;0.0;0.0;1;0.0;0.0;margem_limiar;eleito;30;3100;-0.14140847;0.01573686
20260709_122851;19;500;pareto;1.5;80;21;0.5;15;5000;0.0;6;0.0;0.0;0.0;1;0.0;0.0;margem_limiar;produzido;30;3100;-0.14240000;0.01604626
20260709_122851;19;500;pareto;1.5;80;21;0.5;15;5000;0.0;6;0.0;0.0;0.0;1;0.0;0.0;peso_cartel;stake;30;3100;0.21649939;0.05221781
20260709_122851;19;500;pareto;1.5;80;21;0.5;15;5000;0.0;6;0.0;0.0;0.0;1;0.0;0.0;peso_cartel;eleito;30;3100;0.47474180;0.01573686
20260709_122851;19;500;pareto;1.5;80;21;0.5;15;5000;0.0;6;0.0;0.0;0.0;1;0.0;0.0;peso_cartel;produzido;30;3100;0.47573333;0.01604626
20260709_122851;19;500;pareto;1.5;80;21;0.5;15;5000;0.0;6;0.0;0.0;0.0;1;0.0;0.0;hhi;stake;30;3100;0.04028965;0.04815522
20260709_122851;19;500;pareto;1.5;80;21;0.5;15;5000;0.0;6;0.0;0.0;0.0;1;0.0;0.0;hhi;eleito;30;3100;0.05824911;0.00121303
20260709_122851;19;500;pareto;1.5;80;21;0.5;15;5000;0.0;6;0.0;0.0;0.0;1;0.0;0.0;hhi;produzido;30;3100;0.05842221;0.00123751
20260709_122851;20;500;pareto;1.5;80;21;0.5;15;5000;0.0;9;0.0;0.0;0.0;1;0.0;0.0;cartel_break_even;stake;30;3100;24.86666667;4.09705730
20260709_122851;20;500;pareto;1.5;80;21;0.5;15;5000;0.0;9;0.0;0.0;0.0;1;0.0;0.0;cartel_break_even;eleito;30;3100;4.66666667;0.23649808
20260709_122851;20;500;pareto;1.5;80;21;0.5;15;5000;0.0;9;0.0;0.0;0.0;1;0.0;0.0;cartel_break_even;produzido;30;3100;4.70000000;0.23304994
20260709_122851;20;500;pareto;1.5;80;21;0.5;15;5000;0.0;9;0.0;0.0;0.0;1;0.0;0.0;margem_limiar;stake;30;3100;0.08239211;0.05045675
20260709_122851;20;500;pareto;1.5;80;21;0.5;15;5000;0.0;9;0.0;0.0;0.0;1;0.0;0.0;margem_limiar;eleito;30;3100;-0.29835868;0.01723112
20260709_122851;20;500;pareto;1.5;80;21;0.5;15;5000;0.0;9;0.0;0.0;0.0;1;0.0;0.0;margem_limiar;produzido;30;3100;-0.29959333;0.01731711
20260709_122851;20;500;pareto;1.5;80;21;0.5;15;5000;0.0;9;0.0;0.0;0.0;1;0.0;0.0;peso_cartel;stake;30;3100;0.25094122;0.05045675
20260709_122851;20;500;pareto;1.5;80;21;0.5;15;5000;0.0;9;0.0;0.0;0.0;1;0.0;0.0;peso_cartel;eleito;30;3100;0.63169201;0.01723112
20260709_122851;20;500;pareto;1.5;80;21;0.5;15;5000;0.0;9;0.0;0.0;0.0;1;0.0;0.0;peso_cartel;produzido;30;3100;0.63292667;0.01731711
20260709_122851;20;500;pareto;1.5;80;21;0.5;15;5000;0.0;9;0.0;0.0;0.0;1;0.0;0.0;hhi;stake;30;3100;0.04028965;0.04815522
20260709_122851;20;500;pareto;1.5;80;21;0.5;15;5000;0.0;9;0.0;0.0;0.0;1;0.0;0.0;hhi;eleito;30;3100;0.05759326;0.00120434
20260709_122851;20;500;pareto;1.5;80;21;0.5;15;5000;0.0;9;0.0;0.0;0.0;1;0.0;0.0;hhi;produzido;30;3100;0.05777546;0.00120453
20260709_122851;21;500;pareto;1.5;93;31;0.5;15;5000;0.0;0;0.0;0.0;0.0;1;0.0;0.0;cartel_break_even;stake;30;3100;24.86666667;4.09705730
20260709_122851;21;500;pareto;1.5;93;31;0.5;15;5000;0.0;0;0.0;0.0;0.0;1;0.0;0.0;cartel_break_even;eleito;30;3100;5.70000000;0.31379706
20260709_122851;21;500;pareto;1.5;93;31;0.5;15;5000;0.0;0;0.0;0.0;0.0;1;0.0;0.0;cartel_break_even;produzido;30;3100;5.63333333;0.33202954
20260709_122851;21;500;pareto;1.5;93;31;0.5;15;5000;0.0;0;0.0;0.0;0.0;1;0.0;0.0;margem_limiar;stake;30;3100;0.33333333;0.00000000
20260709_122851;21;500;pareto;1.5;93;31;0.5;15;5000;0.0;0;0.0;0.0;0.0;1;0.0;0.0;margem_limiar;eleito;30;3100;0.33333333;0.00000000
20260709_122851;21;500;pareto;1.5;93;31;0.5;15;5000;0.0;0;0.0;0.0;0.0;1;0.0;0.0;margem_limiar;produzido;30;3100;0.33333333;0.00000000
20260709_122851;21;500;pareto;1.5;93;31;0.5;15;5000;0.0;0;0.0;0.0;0.0;1;0.0;0.0;peso_cartel;stake;30;3100;0.00000000;0.00000000
20260709_122851;21;500;pareto;1.5;93;31;0.5;15;5000;0.0;0;0.0;0.0;0.0;1;0.0;0.0;peso_cartel;eleito;30;3100;0.00000000;0.00000000
20260709_122851;21;500;pareto;1.5;93;31;0.5;15;5000;0.0;0;0.0;0.0;0.0;1;0.0;0.0;peso_cartel;produzido;30;3100;0.00000000;0.00000000
20260709_122851;21;500;pareto;1.5;93;31;0.5;15;5000;0.0;0;0.0;0.0;0.0;1;0.0;0.0;hhi;stake;30;3100;0.04028965;0.04815522
20260709_122851;21;500;pareto;1.5;93;31;0.5;15;5000;0.0;0;0.0;0.0;0.0;1;0.0;0.0;hhi;eleito;30;3100;0.04230851;0.00121760
20260709_122851;21;500;pareto;1.5;93;31;0.5;15;5000;0.0;0;0.0;0.0;0.0;1;0.0;0.0;hhi;produzido;30;3100;0.04241111;0.00124599
20260709_122851;22;500;pareto;1.5;93;31;0.5;15;5000;0.0;3;0.0;0.0;0.0;1;0.0;0.0;cartel_break_even;stake;30;3100;24.86666667;4.09705730
20260709_122851;22;500;pareto;1.5;93;31;0.5;15;5000;0.0;3;0.0;0.0;0.0;1;0.0;0.0;cartel_break_even;eleito;30;3100;5.53333333;0.27771636
20260709_122851;22;500;pareto;1.5;93;31;0.5;15;5000;0.0;3;0.0;0.0;0.0;1;0.0;0.0;cartel_break_even;produzido;30;3100;5.60000000;0.30595981
20260709_122851;22;500;pareto;1.5;93;31;0.5;15;5000;0.0;3;0.0;0.0;0.0;1;0.0;0.0;margem_limiar;stake;30;3100;0.16581055;0.05452547
20260709_122851;22;500;pareto;1.5;93;31;0.5;15;5000;0.0;3;0.0;0.0;0.0;1;0.0;0.0;margem_limiar;eleito;30;3100;0.10277797;0.00937805
20260709_122851;22;500;pareto;1.5;93;31;0.5;15;5000;0.0;3;0.0;0.0;0.0;1;0.0;0.0;margem_limiar;produzido;30;3100;0.10335333;0.00959288
20260709_122851;22;500;pareto;1.5;93;31;0.5;15;5000;0.0;3;0.0;0.0;0.0;1;0.0;0.0;peso_cartel;stake;30;3100;0.16752278;0.05452547
20260709_122851;22;500;pareto;1.5;93;31;0.5;15;5000;0.0;3;0.0;0.0;0.0;1;0.0;0.0;peso_cartel;eleito;30;3100;0.23055537;0.00937805
20260709_122851;22;500;pareto;1.5;93;31;0.5;15;5000;0.0;3;0.0;0.0;0.0;1;0.0;0.0;peso_cartel;produzido;30;3100;0.22998000;0.00959288
20260709_122851;22;500;pareto;1.5;93;31;0.5;15;5000;0.0;3;0.0;0.0;0.0;1;0.0;0.0;hhi;stake;30;3100;0.04028965;0.04815522
20260709_122851;22;500;pareto;1.5;93;31;0.5;15;5000;0.0;3;0.0;0.0;0.0;1;0.0;0.0;hhi;eleito;30;3100;0.04289970;0.00140961
20260709_122851;22;500;pareto;1.5;93;31;0.5;15;5000;0.0;3;0.0;0.0;0.0;1;0.0;0.0;hhi;produzido;30;3100;0.04304642;0.00143336
20260709_122851;23;500;pareto;1.5;93;31;0.5;15;5000;0.0;6;0.0;0.0;0.0;1;0.0;0.0;cartel_break_even;stake;30;3100;24.86666667;4.09705730
20260709_122851;23;500;pareto;1.5;93;31;0.5;15;5000;0.0;6;0.0;0.0;0.0;1;0.0;0.0;cartel_break_even;eleito;30;3100;5.23333333;0.20337098
20260709_122851;23;500;pareto;1.5;93;31;0.5;15;5000;0.0;6;0.0;0.0;0.0;1;0.0;0.0;cartel_break_even;produzido;30;3100;5.26666667;0.20872846
20260709_122851;23;500;pareto;1.5;93;31;0.5;15;5000;0.0;6;0.0;0.0;0.0;1;0.0;0.0;margem_limiar;stake;30;3100;0.11683394;0.05221781
20260709_122851;23;500;pareto;1.5;93;31;0.5;15;5000;0.0;6;0.0;0.0;0.0;1;0.0;0.0;margem_limiar;eleito;30;3100;-0.06820364;0.01339015
20260709_122851;23;500;pareto;1.5;93;31;0.5;15;5000;0.0;6;0.0;0.0;0.0;1;0.0;0.0;margem_limiar;produzido;30;3100;-0.06785333;0.01352847
20260709_122851;23;500;pareto;1.5;93;31;0.5;15;5000;0.0;6;0.0;0.0;0.0;1;0.0;0.0;peso_cartel;stake;30;3100;0.21649939;0.05221781
20260709_122851;23;500;pareto;1.5;93;31;0.5;15;5000;0.0;6;0.0;0.0;0.0;1;0.0;0.0;peso_cartel;eleito;30;3100;0.40153697;0.01339015
20260709_122851;23;500;pareto;1.5;93;31;0.5;15;5000;0.0;6;0.0;0.0;0.0;1;0.0;0.0;peso_cartel;produzido;30;3100;0.40118667;0.01352847
20260709_122851;23;500;pareto;1.5;93;31;0.5;15;5000;0.0;6;0.0;0.0;0.0;1;0.0;0.0;hhi;stake;30;3100;0.04028965;0.04815522
20260709_122851;23;500;pareto;1.5;93;31;0.5;15;5000;0.0;6;0.0;0.0;0.0;1;0.0;0.0;hhi;eleito;30;3100;0.04401109;0.00112784
20260709_122851;23;500;pareto;1.5;93;31;0.5;15;5000;0.0;6;0.0;0.0;0.0;1;0.0;0.0;hhi;produzido;30;3100;0.04415169;0.00114628
20260709_122851;24;500;pareto;1.5;93;31;0.5;15;5000;0.0;9;0.0;0.0;0.0;1;0.0;0.0;cartel_break_even;stake;30;3100;24.86666667;4.09705730
20260709_122851;24;500;pareto;1.5;93;31;0.5;15;5000;0.0;9;0.0;0.0;0.0;1;0.0;0.0;cartel_break_even;eleito;30;3100;5.50000000;0.24415371
20260709_122851;24;500;pareto;1.5;93;31;0.5;15;5000;0.0;9;0.0;0.0;0.0;1;0.0;0.0;cartel_break_even;produzido;30;3100;5.46666667;0.24385210
20260709_122851;24;500;pareto;1.5;93;31;0.5;15;5000;0.0;9;0.0;0.0;0.0;1;0.0;0.0;margem_limiar;stake;30;3100;0.08239211;0.05045675
20260709_122851;24;500;pareto;1.5;93;31;0.5;15;5000;0.0;9;0.0;0.0;0.0;1;0.0;0.0;margem_limiar;eleito;30;3100;-0.20370563;0.01371988
20260709_122851;24;500;pareto;1.5;93;31;0.5;15;5000;0.0;9;0.0;0.0;0.0;1;0.0;0.0;margem_limiar;produzido;30;3100;-0.20441333;0.01467868
20260709_122851;24;500;pareto;1.5;93;31;0.5;15;5000;0.0;9;0.0;0.0;0.0;1;0.0;0.0;peso_cartel;stake;30;3100;0.25094122;0.05045675
20260709_122851;24;500;pareto;1.5;93;31;0.5;15;5000;0.0;9;0.0;0.0;0.0;1;0.0;0.0;peso_cartel;eleito;30;3100;0.53703897;0.01371988
20260709_122851;24;500;pareto;1.5;93;31;0.5;15;5000;0.0;9;0.0;0.0;0.0;1;0.0;0.0;peso_cartel;produzido;30;3100;0.53774667;0.01467868
20260709_122851;24;500;pareto;1.5;93;31;0.5;15;5000;0.0;9;0.0;0.0;0.0;1;0.0;0.0;hhi;stake;30;3100;0.04028965;0.04815522
20260709_122851;24;500;pareto;1.5;93;31;0.5;15;5000;0.0;9;0.0;0.0;0.0;1;0.0;0.0;hhi;eleito;30;3100;0.04389952;0.00083851
20260709_122851;24;500;pareto;1.5;93;31;0.5;15;5000;0.0;9;0.0;0.0;0.0;1;0.0;0.0;hhi;produzido;30;3100;0.04405870;0.00089259
20260709_122851;25;1000;pareto;1.5;80;11;0.5;15;5000;0.0;0;0.0;0.0;0.0;1;0.0;0.0;cartel_break_even;stake;30;3100;46.30000000;7.57133157
20260709_122851;25;1000;pareto;1.5;80;11;0.5;15;5000;0.0;0;0.0;0.0;0.0;1;0.0;0.0;cartel_break_even;eleito;30;3100;2.93333333;0.16095043
20260709_122851;25;1000;pareto;1.5;80;11;0.5;15;5000;0.0;0;0.0;0.0;0.0;1;0.0;0.0;cartel_break_even;produzido;30;3100;2.93333333;0.13066667
20260709_122851;25;1000;pareto;1.5;80;11;0.5;15;5000;0.0;0;0.0;0.0;0.0;1;0.0;0.0;margem_limiar;stake;30;3100;0.33333333;0.00000000
20260709_122851;25;1000;pareto;1.5;80;11;0.5;15;5000;0.0;0;0.0;0.0;0.0;1;0.0;0.0;margem_limiar;eleito;30;3100;0.33333333;0.00000000
20260709_122851;25;1000;pareto;1.5;80;11;0.5;15;5000;0.0;0;0.0;0.0;0.0;1;0.0;0.0;margem_limiar;produzido;30;3100;0.33333333;0.00000000
20260709_122851;25;1000;pareto;1.5;80;11;0.5;15;5000;0.0;0;0.0;0.0;0.0;1;0.0;0.0;peso_cartel;stake;30;3100;0.00000000;0.00000000
20260709_122851;25;1000;pareto;1.5;80;11;0.5;15;5000;0.0;0;0.0;0.0;0.0;1;0.0;0.0;peso_cartel;eleito;30;3100;0.00000000;0.00000000
20260709_122851;25;1000;pareto;1.5;80;11;0.5;15;5000;0.0;0;0.0;0.0;0.0;1;0.0;0.0;peso_cartel;produzido;30;3100;0.00000000;0.00000000
20260709_122851;25;1000;pareto;1.5;80;11;0.5;15;5000;0.0;0;0.0;0.0;0.0;1;0.0;0.0;hhi;stake;30;3100;0.03334040;0.03845012
20260709_122851;25;1000;pareto;1.5;80;11;0.5;15;5000;0.0;0;0.0;0.0;0.0;1;0.0;0.0;hhi;eleito;30;3100;0.10300411;0.00219977
20260709_122851;25;1000;pareto;1.5;80;11;0.5;15;5000;0.0;0;0.0;0.0;0.0;1;0.0;0.0;hhi;produzido;30;3100;0.10281854;0.00214596
20260709_122851;26;1000;pareto;1.5;80;11;0.5;15;5000;0.0;3;0.0;0.0;0.0;1;0.0;0.0;cartel_break_even;stake;30;3100;46.30000000;7.57133157
20260709_122851;26;1000;pareto;1.5;80;11;0.5;15;5000;0.0;3;0.0;0.0;0.0;1;0.0;0.0;cartel_break_even;eleito;30;3100;3.00000000;0.13290045
20260709_122851;26;1000;pareto;1.5;80;11;0.5;15;5000;0.0;3;0.0;0.0;0.0;1;0.0;0.0;cartel_break_even;produzido;30;3100;3.00000000;0.13290045
20260709_122851;26;1000;pareto;1.5;80;11;0.5;15;5000;0.0;3;0.0;0.0;0.0;1;0.0;0.0;margem_limiar;stake;30;3100;0.19216169;0.05176633
20260709_122851;26;1000;pareto;1.5;80;11;0.5;15;5000;0.0;3;0.0;0.0;0.0;1;0.0;0.0;margem_limiar;eleito;30;3100;-0.07347872;0.01503395
20260709_122851;26;1000;pareto;1.5;80;11;0.5;15;5000;0.0;3;0.0;0.0;0.0;1;0.0;0.0;margem_limiar;produzido;30;3100;-0.07210000;0.01560838
20260709_122851;26;1000;pareto;1.5;80;11;0.5;15;5000;0.0;3;0.0;0.0;0.0;1;0.0;0.0;peso_cartel;stake;30;3100;0.14117164;0.05176633
20260709_122851;26;1000;pareto;1.5;80;11;0.5;15;5000;0.0;3;0.0;0.0;0.0;1;0.0;0.0;peso_cartel;eleito;30;3100;0.40681205;0.01503395
20260709_122851;26;1000;pareto;1.5;80;11;0.5;15;5000;0.0;3;0.0;0.0;0.0;1;0.0;0.0;peso_cartel;produzido;30;3100;0.40543333;0.01560838
20260709_122851;26;1000;pareto;1.5;80;11;0.5;15;5000;0.0;3;0.0;0.0;0.0;1;0.0;0.0;hhi;stake;30;3100;0.03334040;0.03845012
20260709_122851;26;1000;pareto;1.5;80;11;0.5;15;5000;0.0;3;0.0;0.0;0.0;1;0.0;0.0;hhi;eleito;30;3100;0.10252424;0.00195920
20260709_122851;26;1000;pareto;1.5;80;11;0.5;15;5000;0.0;3;0.0;0.0;0.0;1;0.0;0.0;hhi;produzido;30;3100;0.10250598;0.00193759
20260709_122851;27;1000;pareto;1.5;80;11;0.5;15;5000;0.0;6;0.0;0.0;0.0;1;0.0;0.0;cartel_break_even;stake;30;3100;46.30000000;7.57133157
20260709_122851;27;1000;pareto;1.5;80;11;0.5;15;5000;0.0;6;0.0;0.0;0.0;1;0.0;0.0;cartel_break_even;eleito;30;3100;3.10000000;0.10918886
20260709_122851;27;1000;pareto;1.5;80;11;0.5;15;5000;0.0;6;0.0;0.0;0.0;1;0.0;0.0;cartel_break_even;produzido;30;3100;3.06666667;0.09078829
20260709_122851;27;1000;pareto;1.5;80;11;0.5;15;5000;0.0;6;0.0;0.0;0.0;1;0.0;0.0;margem_limiar;stake;30;3100;0.15376615;0.05046832
20260709_122851;27;1000;pareto;1.5;80;11;0.5;15;5000;0.0;6;0.0;0.0;0.0;1;0.0;0.0;margem_limiar;eleito;30;3100;-0.34699422;0.01262447
20260709_122851;27;1000;pareto;1.5;80;11;0.5;15;5000;0.0;6;0.0;0.0;0.0;1;0.0;0.0;margem_limiar;produzido;30;3100;-0.34551333;0.01284965
20260709_122851;27;1000;pareto;1.5;80;11;0.5;15;5000;0.0;6;0.0;0.0;0.0;1;0.0;0.0;peso_cartel;stake;30;3100;0.17956718;0.05046832
20260709_122851;27;1000;pareto;1.5;80;11;0.5;15;5000;0.0;6;0.0;0.0;0.0;1;0.0;0.0;peso_cartel;eleito;30;3100;0.68032756;0.01262447
20260709_122851;27;1000;pareto;1.5;80;11;0.5;15;5000;0.0;6;0.0;0.0;0.0;1;0.0;0.0;peso_cartel;produzido;30;3100;0.67884667;0.01284965
20260709_122851;27;1000;pareto;1.5;80;11;0.5;15;5000;0.0;6;0.0;0.0;0.0;1;0.0;0.0;hhi;stake;30;3100;0.03334040;0.03845012
20260709_122851;27;1000;pareto;1.5;80;11;0.5;15;5000;0.0;6;0.0;0.0;0.0;1;0.0;0.0;hhi;eleito;30;3100;0.10085079;0.00141034
20260709_122851;27;1000;pareto;1.5;80;11;0.5;15;5000;0.0;6;0.0;0.0;0.0;1;0.0;0.0;hhi;produzido;30;3100;0.10085035;0.00137727
20260709_122851;28;1000;pareto;1.5;80;11;0.5;15;5000;0.0;9;0.0;0.0;0.0;1;0.0;0.0;cartel_break_even;stake;30;3100;46.30000000;7.57133157
20260709_122851;28;1000;pareto;1.5;80;11;0.5;15;5000;0.0;9;0.0;0.0;0.0;1;0.0;0.0;cartel_break_even;eleito;30;3100;3.16666667;0.13564095
20260709_122851;28;1000;pareto;1.5;80;11;0.5;15;5000;0.0;9;0.0;0.0;0.0;1;0.0;0.0;cartel_break_even;produzido;30;3100;3.13333333;0.12372358
20260709_122851;28;1000;pareto;1.5;80;11;0.5;15;5000;0.0;9;0.0;0.0;0.0;1;0.0;0.0;margem_limiar;stake;30;3100;0.12740142;0.04940436
20260709_122851;28;1000;pareto;1.5;80;11;0.5;15;5000;0.0;9;0.0;0.0;0.0;1;0.0;0.0;margem_limiar;eleito;30;3100;-0.55158041;0.00611354
20260709_122851;28;1000;pareto;1.5;80;11;0.5;15;5000;0.0;9;0.0;0.0;0.0;1;0.0;0.0;margem_limiar;produzido;30;3100;-0.55189333;0.00614017
20260709_122851;28;1000;pareto;1.5;80;11;0.5;15;5000;0.0;9;0.0;0.0;0.0;1;0.0;0.0;peso_cartel;stake;30;3100;0.20593191;0.04940436
20260709_122851;28;1000;pareto;1.5;80;11;0.5;15;5000;0.0;9;0.0;0.0;0.0;1;0.0;0.0;peso_cartel;eleito;30;3100;0.88491374;0.00611354
20260709_122851;28;1000;pareto;1.5;80;11;0.5;15;5000;0.0;9;0.0;0.0;0.0;1;0.0;0.0;peso_cartel;produzido;30;3100;0.88522667;0.00614017
20260709_122851;28;1000;pareto;1.5;80;11;0.5;15;5000;0.0;9;0.0;0.0;0.0;1;0.0;0.0;hhi;stake;30;3100;0.03334040;0.03845012
20260709_122851;28;1000;pareto;1.5;80;11;0.5;15;5000;0.0;9;0.0;0.0;0.0;1;0.0;0.0;hhi;eleito;30;3100;0.09698528;0.00080153
20260709_122851;28;1000;pareto;1.5;80;11;0.5;15;5000;0.0;9;0.0;0.0;0.0;1;0.0;0.0;hhi;produzido;30;3100;0.09706619;0.00080889
20260709_122851;29;1000;pareto;1.5;80;21;0.5;15;5000;0.0;0;0.0;0.0;0.0;1;0.0;0.0;cartel_break_even;stake;30;3100;46.30000000;7.57133157
20260709_122851;29;1000;pareto;1.5;80;21;0.5;15;5000;0.0;0;0.0;0.0;0.0;1;0.0;0.0;cartel_break_even;eleito;30;3100;4.36666667;0.22005628
20260709_122851;29;1000;pareto;1.5;80;21;0.5;15;5000;0.0;0;0.0;0.0;0.0;1;0.0;0.0;cartel_break_even;produzido;30;3100;4.36666667;0.22005628
20260709_122851;29;1000;pareto;1.5;80;21;0.5;15;5000;0.0;0;0.0;0.0;0.0;1;0.0;0.0;margem_limiar;stake;30;3100;0.33333333;0.00000000
20260709_122851;29;1000;pareto;1.5;80;21;0.5;15;5000;0.0;0;0.0;0.0;0.0;1;0.0;0.0;margem_limiar;eleito;30;3100;0.33333333;0.00000000
20260709_122851;29;1000;pareto;1.5;80;21;0.5;15;5000;0.0;0;0.0;0.0;0.0;1;0.0;0.0;margem_limiar;produzido;30;3100;0.33333333;0.00000000
20260709_122851;29;1000;pareto;1.5;80;21;0.5;15;5000;0.0;0;0.0;0.0;0.0;1;0.0;0.0;peso_cartel;stake;30;3100;0.00000000;0.00000000
20260709_122851;29;1000;pareto;1.5;80;21;0.5;15;5000;0.0;0;0.0;0.0;0.0;1;0.0;0.0;peso_cartel;eleito;30;3100;0.00000000;0.00000000
20260709_122851;29;1000;pareto;1.5;80;21;0.5;15;5000;0.0;0;0.0;0.0;0.0;1;0.0;0.0;peso_cartel;produzido;30;3100;0.00000000;0.00000000
20260709_122851;29;1000;pareto;1.5;80;21;0.5;15;5000;0.0;0;0.0;0.0;0.0;1;0.0;0.0;hhi;stake;30;3100;0.03334040;0.03845012
20260709_122851;29;1000;pareto;1.5;80;21;0.5;15;5000;0.0;0;0.0;0.0;0.0;1;0.0;0.0;hhi;eleito;30;3100;0.05813710;0.00131468
20260709_122851;29;1000;pareto;1.5;80;21;0.5;15;5000;0.0;0;0.0;0.0;0.0;1;0.0;0.0;hhi;produzido;30;3100;0.05808373;0.00131994
20260709_122851;30;1000;pareto;1.5;80;21;0.5;15;5000;0.0;3;0.0;0.0;0.0;1;0.0;0.0;cartel_break_even;stake;30;3100;46.30000000;7.57133157
20260709_122851;30;1000;pareto;1.5;80;21;0.5;15;5000;0.0;3;0.0;0.0;0.0;1;0.0;0.0;cartel_break_even;eleito;30;3100;4.36666667;0.19898116
20260709_122851;30;1000;pareto;1.5;80;21;0.5;15;5000;0.0;3;0.0;0.0;0.0;1;0.0;0.0;cartel_break_even;produzido;30;3100;4.36666667;0.19898116
20260709_122851;30;1000;pareto;1.5;80;21;0.5;15;5000;0.0;3;0.0;0.0;0.0;1;0.0;0.0;margem_limiar;stake;30;3100;0.19216169;0.05176633
20260709_122851;30;1000;pareto;1.5;80;21;0.5;15;5000;0.0;3;0.0;0.0;0.0;1;0.0;0.0;margem_limiar;eleito;30;3100;0.05569964;0.01038666
20260709_122851;30;1000;pareto;1.5;80;21;0.5;15;5000;0.0;3;0.0;0.0;0.0;1;0.0;0.0;margem_limiar;produzido;30;3100;0.05754667;0.01094265
20260709_122851;30;1000;pareto;1.5;80;21;0.5;15;5000;0.0;3;0.0;0.0;0.0;1;0.0;0.0;peso_cartel;stake;30;3100;0.14117164;0.05176633
20260709_122851;30;1000;pareto;1.5;80;21;0.5;15;5000;0.0;3;0.0;0.0;0.0;1;0.0;0.0;peso_cartel;eleito;30;3100;0.27763370;0.01038666
20260709_122851;30;1000;pareto;1.5;80;21;0.5;15;5000;0.0;3;0.0;0.0;0.0;1;0.0;0.0;peso_cartel;produzido;30;3100;0.27578667;0.01094265
20260709_122851;30;1000;pareto;1.5;80;21;0.5;15;5000;0.0;3;0.0;0.0;0.0;1;0.0;0.0;hhi;stake;30;3100;0.03334040;0.03845012
20260709_122851;30;1000;pareto;1.5;80;21;0.5;15;5000;0.0;3;0.0;0.0;0.0;1;0.0;0.0;hhi;eleito;30;3100;0.05848168;0.00103181
20260709_122851;30;1000;pareto;1.5;80;21;0.5;15;5000;0.0;3;0.0;0.0;0.0;1;0.0;0.0;hhi;produzido;30;3100;0.05847084;0.00106015
20260709_122851;31;1000;pareto;1.5;80;21;0.5;15;5000;0.0;6;0.0;0.0;0.0;1;0.0;0.0;cartel_break_even;stake;30;3100;46.30000000;7.57133157
20260709_122851;31;1000;pareto;1.5;80;21;0.5;15;5000;0.0;6;0.0;0.0;0.0;1;0.0;0.0;cartel_break_even;eleito;30;3100;4.43333333;0.24294502
20260709_122851;31;1000;pareto;1.5;80;21;0.5;15;5000;0.0;6;0.0;0.0;0.0;1;0.0;0.0;cartel_break_even;produzido;30;3100;4.43333333;0.24294502
20260709_122851;31;1000;pareto;1.5;80;21;0.5;15;5000;0.0;6;0.0;0.0;0.0;1;0.0;0.0;margem_limiar;stake;30;3100;0.15376615;0.05046832
20260709_122851;31;1000;pareto;1.5;80;21;0.5;15;5000;0.0;6;0.0;0.0;0.0;1;0.0;0.0;margem_limiar;eleito;30;3100;-0.13840650;0.01378792
20260709_122851;31;1000;pareto;1.5;80;21;0.5;15;5000;0.0;6;0.0;0.0;0.0;1;0.0;0.0;margem_limiar;produzido;30;3100;-0.13632000;0.01329722
20260709_122851;31;1000;pareto;1.5;80;21;0.5;15;5000;0.0;6;0.0;0.0;0.0;1;0.0;0.0;peso_cartel;stake;30;3100;0.17956718;0.05046832
20260709_122851;31;1000;pareto;1.5;80;21;0.5;15;5000;0.0;6;0.0;0.0;0.0;1;0.0;0.0;peso_cartel;eleito;30;3100;0.47173983;0.01378792
20260709_122851;31;1000;pareto;1.5;80;21;0.5;15;5000;0.0;6;0.0;0.0;0.0;1;0.0;0.0;peso_cartel;produzido;30;3100;0.46965333;0.01329722
20260709_122851;31;1000;pareto;1.5;80;21;0.5;15;5000;0.0;6;0.0;0.0;0.0;1;0.0;0.0;hhi;stake;30;3100;0.03334040;0.03845012
20260709_122851;31;1000;pareto;1.5;80;21;0.5;15;5000;0.0;6;0.0;0.0;0.0;1;0.0;0.0;hhi;eleito;30;3100;0.05847584;0.00108389
20260709_122851;31;1000;pareto;1.5;80;21;0.5;15;5000;0.0;6;0.0;0.0;0.0;1;0.0;0.0;hhi;produzido;30;3100;0.05844854;0.00106796
20260709_122851;32;1000;pareto;1.5;80;21;0.5;15;5000;0.0;9;0.0;0.0;0.0;1;0.0;0.0;cartel_break_even;stake;30;3100;46.30000000;7.57133157
20260709_122851;32;1000;pareto;1.5;80;21;0.5;15;5000;0.0;9;0.0;0.0;0.0;1;0.0;0.0;cartel_break_even;eleito;30;3100;4.66666667;0.23649808
20260709_122851;32;1000;pareto;1.5;80;21;0.5;15;5000;0.0;9;0.0;0.0;0.0;1;0.0;0.0;cartel_break_even;produzido;30;3100;4.73333333;0.22890792
20260709_122851;32;1000;pareto;1.5;80;21;0.5;15;5000;0.0;9;0.0;0.0;0.0;1;0.0;0.0;margem_limiar;stake;30;3100;0.12740142;0.04940436
20260709_122851;32;1000;pareto;1.5;80;21;0.5;15;5000;0.0;9;0.0;0.0;0.0;1;0.0;0.0;margem_limiar;eleito;30;3100;-0.29159174;0.01421232
20260709_122851;32;1000;pareto;1.5;80;21;0.5;15;5000;0.0;9;0.0;0.0;0.0;1;0.0;0.0;margem_limiar;produzido;30;3100;-0.28915333;0.01415179
20260709_122851;32;1000;pareto;1.5;80;21;0.5;15;5000;0.0;9;0.0;0.0;0.0;1;0.0;0.0;peso_cartel;stake;30;3100;0.20593191;0.04940436
20260709_122851;32;1000;pareto;1.5;80;21;0.5;15;5000;0.0;9;0.0;0.0;0.0;1;0.0;0.0;peso_cartel;eleito;30;3100;0.62492507;0.01421232
20260709_122851;32;1000;pareto;1.5;80;21;0.5;15;5000;0.0;9;0.0;0.0;0.0;1;0.0;0.0;peso_cartel;produzido;30;3100;0.62248667;0.01415179
20260709_122851;32;1000;pareto;1.5;80;21;0.5;15;5000;0.0;9;0.0;0.0;0.0;1;0.0;0.0;hhi;stake;30;3100;0.03334040;0.03845012
20260709_122851;32;1000;pareto;1.5;80;21;0.5;15;5000;0.0;9;0.0;0.0;0.0;1;0.0;0.0;hhi;eleito;30;3100;0.05756384;0.00094198
20260709_122851;32;1000;pareto;1.5;80;21;0.5;15;5000;0.0;9;0.0;0.0;0.0;1;0.0;0.0;hhi;produzido;30;3100;0.05757036;0.00094349
20260709_122851;33;1000;pareto;1.5;93;31;0.5;15;5000;0.0;0;0.0;0.0;0.0;1;0.0;0.0;cartel_break_even;stake;30;3100;46.30000000;7.57133157
20260709_122851;33;1000;pareto;1.5;93;31;0.5;15;5000;0.0;0;0.0;0.0;0.0;1;0.0;0.0;cartel_break_even;eleito;30;3100;5.56666667;0.29243132
20260709_122851;33;1000;pareto;1.5;93;31;0.5;15;5000;0.0;0;0.0;0.0;0.0;1;0.0;0.0;cartel_break_even;produzido;30;3100;5.50000000;0.27798123
20260709_122851;33;1000;pareto;1.5;93;31;0.5;15;5000;0.0;0;0.0;0.0;0.0;1;0.0;0.0;margem_limiar;stake;30;3100;0.33333333;0.00000000
20260709_122851;33;1000;pareto;1.5;93;31;0.5;15;5000;0.0;0;0.0;0.0;0.0;1;0.0;0.0;margem_limiar;eleito;30;3100;0.33333333;0.00000000
20260709_122851;33;1000;pareto;1.5;93;31;0.5;15;5000;0.0;0;0.0;0.0;0.0;1;0.0;0.0;margem_limiar;produzido;30;3100;0.33333333;0.00000000
20260709_122851;33;1000;pareto;1.5;93;31;0.5;15;5000;0.0;0;0.0;0.0;0.0;1;0.0;0.0;peso_cartel;stake;30;3100;0.00000000;0.00000000
20260709_122851;33;1000;pareto;1.5;93;31;0.5;15;5000;0.0;0;0.0;0.0;0.0;1;0.0;0.0;peso_cartel;eleito;30;3100;0.00000000;0.00000000
20260709_122851;33;1000;pareto;1.5;93;31;0.5;15;5000;0.0;0;0.0;0.0;0.0;1;0.0;0.0;peso_cartel;produzido;30;3100;0.00000000;0.00000000
20260709_122851;33;1000;pareto;1.5;93;31;0.5;15;5000;0.0;0;0.0;0.0;0.0;1;0.0;0.0;hhi;stake;30;3100;0.03334040;0.03845012
20260709_122851;33;1000;pareto;1.5;93;31;0.5;15;5000;0.0;0;0.0;0.0;0.0;1;0.0;0.0;hhi;eleito;30;3100;0.04267143;0.00122592
20260709_122851;33;1000;pareto;1.5;93;31;0.5;15;5000;0.0;0;0.0;0.0;0.0;1;0.0;0.0;hhi;produzido;30;3100;0.04258312;0.00123967
20260709_122851;34;1000;pareto;1.5;93;31;0.5;15;5000;0.0;3;0.0;0.0;0.0;1;0.0;0.0;cartel_break_even;stake;30;3100;46.30000000;7.57133157
20260709_122851;34;1000;pareto;1.5;93;31;0.5;15;5000;0.0;3;0.0;0.0;0.0;1;0.0;0.0;cartel_break_even;eleito;30;3100;5.43333333;0.24294502
20260709_122851;34;1000;pareto;1.5;93;31;0.5;15;5000;0.0;3;0.0;0.0;0.0;1;0.0;0.0;cartel_break_even;produzido;30;3100;5.50000000;0.24415371
20260709_122851;34;1000;pareto;1.5;93;31;0.5;15;5000;0.0;3;0.0;0.0;0.0;1;0.0;0.0;margem_limiar;stake;30;3100;0.19216169;0.05176633
20260709_122851;34;1000;pareto;1.5;93;31;0.5;15;5000;0.0;3;0.0;0.0;0.0;1;0.0;0.0;margem_limiar;eleito;30;3100;0.10061591;0.00841279
20260709_122851;34;1000;pareto;1.5;93;31;0.5;15;5000;0.0;3;0.0;0.0;0.0;1;0.0;0.0;margem_limiar;produzido;30;3100;0.10288667;0.00889633
20260709_122851;34;1000;pareto;1.5;93;31;0.5;15;5000;0.0;3;0.0;0.0;0.0;1;0.0;0.0;peso_cartel;stake;30;3100;0.14117164;0.05176633
20260709_122851;34;1000;pareto;1.5;93;31;0.5;15;5000;0.0;3;0.0;0.0;0.0;1;0.0;0.0;peso_cartel;eleito;30;3100;0.23271742;0.00841279
20260709_122851;34;1000;pareto;1.5;93;31;0.5;15;5000;0.0;3;0.0;0.0;0.0;1;0.0;0.0;peso_cartel;produzido;30;3100;0.23044667;0.00889633
20260709_122851;34;1000;pareto;1.5;93;31;0.5;15;5000;0.0;3;0.0;0.0;0.0;1;0.0;0.0;hhi;stake;30;3100;0.03334040;0.03845012
20260709_122851;34;1000;pareto;1.5;93;31;0.5;15;5000;0.0;3;0.0;0.0;0.0;1;0.0;0.0;hhi;eleito;30;3100;0.04353226;0.00159291
20260709_122851;34;1000;pareto;1.5;93;31;0.5;15;5000;0.0;3;0.0;0.0;0.0;1;0.0;0.0;hhi;produzido;30;3100;0.04347463;0.00164296
20260709_122851;35;1000;pareto;1.5;93;31;0.5;15;5000;0.0;6;0.0;0.0;0.0;1;0.0;0.0;cartel_break_even;stake;30;3100;46.30000000;7.57133157
20260709_122851;35;1000;pareto;1.5;93;31;0.5;15;5000;0.0;6;0.0;0.0;0.0;1;0.0;0.0;cartel_break_even;eleito;30;3100;5.33333333;0.19562416
20260709_122851;35;1000;pareto;1.5;93;31;0.5;15;5000;0.0;6;0.0;0.0;0.0;1;0.0;0.0;cartel_break_even;produzido;30;3100;5.30000000;0.19144124
20260709_122851;35;1000;pareto;1.5;93;31;0.5;15;5000;0.0;6;0.0;0.0;0.0;1;0.0;0.0;margem_limiar;stake;30;3100;0.15376615;0.05046832
20260709_122851;35;1000;pareto;1.5;93;31;0.5;15;5000;0.0;6;0.0;0.0;0.0;1;0.0;0.0;margem_limiar;eleito;30;3100;-0.06906824;0.01149534
20260709_122851;35;1000;pareto;1.5;93;31;0.5;15;5000;0.0;6;0.0;0.0;0.0;1;0.0;0.0;margem_limiar;produzido;30;3100;-0.06698667;0.01184933
20260709_122851;35;1000;pareto;1.5;93;31;0.5;15;5000;0.0;6;0.0;0.0;0.0;1;0.0;0.0;peso_cartel;stake;30;3100;0.17956718;0.05046832
20260709_122851;35;1000;pareto;1.5;93;31;0.5;15;5000;0.0;6;0.0;0.0;0.0;1;0.0;0.0;peso_cartel;eleito;30;3100;0.40240157;0.01149534
20260709_122851;35;1000;pareto;1.5;93;31;0.5;15;5000;0.0;6;0.0;0.0;0.0;1;0.0;0.0;peso_cartel;produzido;30;3100;0.40032000;0.01184933
20260709_122851;35;1000;pareto;1.5;93;31;0.5;15;5000;0.0;6;0.0;0.0;0.0;1;0.0;0.0;hhi;stake;30;3100;0.03334040;0.03845012
20260709_122851;35;1000;pareto;1.5;93;31;0.5;15;5000;0.0;6;0.0;0.0;0.0;1;0.0;0.0;hhi;eleito;30;3100;0.04452380;0.00140570
20260709_122851;35;1000;pareto;1.5;93;31;0.5;15;5000;0.0;6;0.0;0.0;0.0;1;0.0;0.0;hhi;produzido;30;3100;0.04448458;0.00145902
20260709_122851;36;1000;pareto;1.5;93;31;0.5;15;5000;0.0;9;0.0;0.0;0.0;1;0.0;0.0;cartel_break_even;stake;30;3100;46.30000000;7.57133157
20260709_122851;36;1000;pareto;1.5;93;31;0.5;15;5000;0.0;9;0.0;0.0;0.0;1;0.0;0.0;cartel_break_even;eleito;30;3100;5.50000000;0.22534367
20260709_122851;36;1000;pareto;1.5;93;31;0.5;15;5000;0.0;9;0.0;0.0;0.0;1;0.0;0.0;cartel_break_even;produzido;30;3100;5.53333333;0.20445371
20260709_122851;36;1000;pareto;1.5;93;31;0.5;15;5000;0.0;9;0.0;0.0;0.0;1;0.0;0.0;margem_limiar;stake;30;3100;0.12740142;0.04940436
20260709_122851;36;1000;pareto;1.5;93;31;0.5;15;5000;0.0;9;0.0;0.0;0.0;1;0.0;0.0;margem_limiar;eleito;30;3100;-0.19748111;0.01264228
20260709_122851;36;1000;pareto;1.5;93;31;0.5;15;5000;0.0;9;0.0;0.0;0.0;1;0.0;0.0;margem_limiar;produzido;30;3100;-0.19481333;0.01226816
20260709_122851;36;1000;pareto;1.5;93;31;0.5;15;5000;0.0;9;0.0;0.0;0.0;1;0.0;0.0;peso_cartel;stake;30;3100;0.20593191;0.04940436
20260709_122851;36;1000;pareto;1.5;93;31;0.5;15;5000;0.0;9;0.0;0.0;0.0;1;0.0;0.0;peso_cartel;eleito;30;3100;0.53081444;0.01264228
20260709_122851;36;1000;pareto;1.5;93;31;0.5;15;5000;0.0;9;0.0;0.0;0.0;1;0.0;0.0;peso_cartel;produzido;30;3100;0.52814667;0.01226816
20260709_122851;36;1000;pareto;1.5;93;31;0.5;15;5000;0.0;9;0.0;0.0;0.0;1;0.0;0.0;hhi;stake;30;3100;0.03334040;0.03845012
20260709_122851;36;1000;pareto;1.5;93;31;0.5;15;5000;0.0;9;0.0;0.0;0.0;1;0.0;0.0;hhi;eleito;30;3100;0.04396921;0.00110475
20260709_122851;36;1000;pareto;1.5;93;31;0.5;15;5000;0.0;9;0.0;0.0;0.0;1;0.0;0.0;hhi;produzido;30;3100;0.04391199;0.00111808
